Code,Type,Title,Address,Area,City,Landmark,Latitude,Longitude,Width,Height,Unit,Sq area,Faces,Quantity,Illumination,Facing,Rate / month,Status,Client,Booked till,Payment,Available from,Open issues,Map
BH-0001,Building Hoarding (Facade),"Building Facade Hoarding, Abids","GPO Circle, Abids, Hyderabad",Abids,Hyderabad,Near GPO Circle,17.3874695,78.4817196,25,40,ft,1000,1,1,front_lit,Towards Airport,167500,available,,,,,0,https://www.openstreetmap.org/?mlat=17.3874695&mlon=78.4817196#map=18/17.3874695/78.4817196
DS-0002,Digital LED Screen,"Digital LED Screen, Abids","GPO Circle, Abids, Hyderabad",Abids,Hyderabad,Near GPO Circle,17.3943421,78.4759701,20,12,ft,240,1,1,digital,North-bound traffic,92500,available,,,,,1,https://www.openstreetmap.org/?mlat=17.3943421&mlon=78.4759701#map=18/17.3943421/78.4759701
FB-0004,Foot Over Bridge (FOB),"FOB Panel, Abids","GPO Circle, Abids, Hyderabad",Abids,Hyderabad,Near GPO Circle,17.3919147,78.4786577,50,6,ft,600,2,1,front_lit,South-bound traffic,107500,booked,Rangoli Silks,2026-11-13,partial,2026-11-14,0,https://www.openstreetmap.org/?mlat=17.3919147&mlon=78.4786577#map=18/17.3919147/78.4786577
BS-0001,Bus Shelter,"Bus Shelter Panels, Ameerpet","Metro Pillar, Ameerpet, Hyderabad",Ameerpet,Hyderabad,Near Metro Pillar,17.4383498,78.4514309,6,4,ft,48,1,2,back_lit,Both directions,35500,booked,Lotus Heights Realty,2026-10-14,partial,2026-10-15,0,https://www.openstreetmap.org/?mlat=17.4383498&mlon=78.4514309#map=18/17.4383498/78.4514309
PB-0006,Pole Board / Pole Kiosk,"Median Pole Boards, Ameerpet","Metro Pillar, Ameerpet, Hyderabad",Ameerpet,Hyderabad,Near Metro Pillar,17.4405399,78.4440154,4,6,ft,720,2,15,non_lit,Both directions,47000,available,,,,,0,https://www.openstreetmap.org/?mlat=17.4405399&mlon=78.4440154#map=18/17.4405399/78.4440154
TB-0002,Traffic / Police Booth,"Traffic Police Booth, Ameerpet","Metro Pillar, Ameerpet, Hyderabad",Ameerpet,Hyderabad,Near Metro Pillar,17.4413591,78.4485924,4,3,ft,36,3,1,non_lit,Towards Mehdipatnam,22000,booked,SwiftCart,2026-10-27,unpaid,2026-10-28,0,https://www.openstreetmap.org/?mlat=17.4413591&mlon=78.4485924#map=18/17.4413591/78.4485924
BS-0004,Bus Shelter,"Bus Shelter Panels, Banjara Hills","Road No. 1, Banjara Hills, Hyderabad",Banjara Hills,Hyderabad,Near Road No. 1,17.4153694,78.4352768,6,4,ft,48,1,2,back_lit,Towards Secunderabad,40500,available,,,,,0,https://www.openstreetmap.org/?mlat=17.4153694&mlon=78.4352768#map=18/17.4153694/78.4352768
GN-0002,Gantry,"Road Gantry, Banjara Hills","Road No. 1, Banjara Hills, Hyderabad",Banjara Hills,Hyderabad,Near Road No. 1,17.4151966,78.4339899,80,10,ft,1600,2,1,front_lit,South-bound traffic,272500,booked,Brightway Paints,2026-10-21,unpaid,2026-10-22,0,https://www.openstreetmap.org/?mlat=17.4151966&mlon=78.4339899#map=18/17.4151966/78.4339899
HB-0001,Hoarding / Billboard,"Large Hoarding at Junction, Banjara Hills","Road No. 1, Banjara Hills, Hyderabad",Banjara Hills,Hyderabad,Near Road No. 1,17.4096039,78.434995,60,30,ft,1800,1,1,front_lit,North-bound traffic,327500,booked,Deccan Motors,2026-10-08,partial,2026-10-09,0,https://www.openstreetmap.org/?mlat=17.4096039&mlon=78.434995#map=18/17.4096039/78.434995
RT-0003,Rooftop Hoarding,"Rooftop Hoarding, Banjara Hills","Road No. 1, Banjara Hills, Hyderabad",Banjara Hills,Hyderabad,Near Road No. 1,17.4191333,78.4314978,40,20,ft,800,1,1,back_lit,Towards Airport,205000,available,,,,,0,https://www.openstreetmap.org/?mlat=17.4191333&mlon=78.4314978#map=18/17.4191333/78.4314978
BH-0003,Building Hoarding (Facade),"Building Facade Hoarding, Begumpet","Airport Road, Begumpet, Hyderabad",Begumpet,Hyderabad,Near Airport Road,17.4441225,78.4680475,25,40,ft,1000,1,1,front_lit,South-bound traffic,162500,booked,Deccan Motors,2026-11-09,paid,2026-11-10,0,https://www.openstreetmap.org/?mlat=17.4441225&mlon=78.4680475#map=18/17.4441225/78.4680475
DS-0004,Digital LED Screen,"Digital LED Screen, Begumpet","Airport Road, Begumpet, Hyderabad",Begumpet,Hyderabad,Near Airport Road,17.4393792,78.4639508,20,12,ft,240,1,1,digital,Towards Hitech City,100000,available,,,,,0,https://www.openstreetmap.org/?mlat=17.4393792&mlon=78.4639508#map=18/17.4393792/78.4639508
HB-0002,Hoarding / Billboard,"Hoarding facing Traffic, Begumpet","Airport Road, Begumpet, Hyderabad",Begumpet,Hyderabad,Near Airport Road,17.4415017,78.4605478,40,20,ft,800,1,1,front_lit,Towards Mehdipatnam,205000,maintenance,,,,,1,https://www.openstreetmap.org/?mlat=17.4415017&mlon=78.4605478#map=18/17.4415017/78.4605478
UP-0002,Unipole,"Unipole at Signal, Begumpet","Airport Road, Begumpet, Hyderabad",Begumpet,Hyderabad,Near Airport Road,17.441624,78.464788,30,15,ft,900,2,1,back_lit,Both directions,242500,booked,Zesta Beverages,2026-10-26,partial,2026-10-27,0,https://www.openstreetmap.org/?mlat=17.441624&mlon=78.464788#map=18/17.441624/78.464788
GN-0004,Gantry,"Road Gantry, Dilsukhnagar","Main Road, Dilsukhnagar, Hyderabad",Dilsukhnagar,Hyderabad,Near Main Road,17.3673756,78.5246835,80,10,ft,1600,2,1,front_lit,Towards Secunderabad,270000,booked,Brightway Paints,2026-11-14,unpaid,2026-11-15,0,https://www.openstreetmap.org/?mlat=17.3673756&mlon=78.5246835#map=18/17.3673756/78.5246835
HB-0005,Hoarding / Billboard,"Large Hoarding at Junction, Dilsukhnagar","Main Road, Dilsukhnagar, Hyderabad",Dilsukhnagar,Hyderabad,Near Main Road,17.3663858,78.5207184,60,30,ft,1800,1,1,front_lit,South-bound traffic,337500,available,,,,,0,https://www.openstreetmap.org/?mlat=17.3663858&mlon=78.5207184#map=18/17.3663858/78.5207184
PB-0002,Pole Board / Pole Kiosk,"Median Pole Boards, Dilsukhnagar","Main Road, Dilsukhnagar, Hyderabad",Dilsukhnagar,Hyderabad,Near Main Road,17.3747452,78.5209795,4,6,ft,720,2,15,non_lit,Both directions,42000,available,,,,,0,https://www.openstreetmap.org/?mlat=17.3747452&mlon=78.5209795#map=18/17.3747452/78.5209795
BH-0004,Building Hoarding (Facade),"Building Facade Hoarding, Gachibowli","DLF Road, Gachibowli, Hyderabad",Gachibowli,Hyderabad,Near DLF Road,17.4459885,78.3524627,25,40,ft,1000,1,1,front_lit,Towards Secunderabad,157500,booked,SwiftCart,2026-10-11,unpaid,2026-10-12,0,https://www.openstreetmap.org/?mlat=17.4459885&mlon=78.3524627#map=18/17.4459885/78.3524627
HB-0004,Hoarding / Billboard,"Hoarding facing Traffic, Gachibowli","DLF Road, Gachibowli, Hyderabad",Gachibowli,Hyderabad,Near DLF Road,17.434855,78.3487772,40,20,ft,800,1,1,front_lit,Towards Airport,180000,available,,,,,1,https://www.openstreetmap.org/?mlat=17.434855&mlon=78.3487772#map=18/17.434855/78.3487772
PB-0001,Pole Board / Pole Kiosk,"Pole Kiosks on Centre Divider, Gachibowli","DLF Road, Gachibowli, Hyderabad",Gachibowli,Hyderabad,Near DLF Road,17.4353415,78.3525885,3,5,ft,600,2,20,back_lit,Towards Airport,65000,available,,,,,0,https://www.openstreetmap.org/?mlat=17.4353415&mlon=78.3525885#map=18/17.4353415/78.3525885
UP-0003,Unipole,"Unipole at Signal, Gachibowli","DLF Road, Gachibowli, Hyderabad",Gachibowli,Hyderabad,Near DLF Road,17.4406146,78.3449966,30,15,ft,900,2,1,back_lit,Towards Airport,225000,booked,Lotus Heights Realty,2026-11-07,partial,2026-11-08,0,https://www.openstreetmap.org/?mlat=17.4406146&mlon=78.3449966#map=18/17.4406146/78.3449966
BS-0003,Bus Shelter,"Bus Shelter Panels, Hitech City","Cyber Towers, Hitech City, Hyderabad",Hitech City,Hyderabad,Near Cyber Towers,17.4456602,78.3831593,6,4,ft,48,1,2,back_lit,South-bound traffic,30500,available,,,,,0,https://www.openstreetmap.org/?mlat=17.4456602&mlon=78.3831593#map=18/17.4456602/78.3831593
GN-0001,Gantry,"Road Gantry, Hitech City","Cyber Towers, Hitech City, Hyderabad",Hitech City,Hyderabad,Near Cyber Towers,17.4483065,78.3766243,80,10,ft,1600,2,1,front_lit,Towards Hitech City,265000,booked,Zesta Beverages,2026-10-10,paid,2026-10-11,0,https://www.openstreetmap.org/?mlat=17.4483065&mlon=78.3766243#map=18/17.4483065/78.3766243
RT-0002,Rooftop Hoarding,"Rooftop Hoarding, Hitech City","Cyber Towers, Hitech City, Hyderabad",Hitech City,Hyderabad,Near Cyber Towers,17.4411887,78.3753214,40,20,ft,800,1,1,back_lit,Towards Secunderabad,210000,available,,,,,0,https://www.openstreetmap.org/?mlat=17.4411887&mlon=78.3753214#map=18/17.4411887/78.3753214
TB-0004,Traffic / Police Booth,"Traffic Police Booth, Hitech City","Cyber Towers, Hitech City, Hyderabad",Hitech City,Hyderabad,Near Cyber Towers,17.4385584,78.3765042,4,3,ft,36,3,1,non_lit,South-bound traffic,37000,booked,Zesta Beverages,2026-10-10,partial,2026-10-11,0,https://www.openstreetmap.org/?mlat=17.4385584&mlon=78.3765042#map=18/17.4385584/78.3765042
FB-0001,Foot Over Bridge (FOB),"FOB Panel, Jubilee Hills","Road No. 36, Jubilee Hills, Hyderabad",Jubilee Hills,Hyderabad,Near Road No. 36,17.4383105,78.4072478,50,6,ft,600,2,1,front_lit,Towards Airport,102500,booked,Nova Mobile,2026-10-09,unpaid,2026-10-10,0,https://www.openstreetmap.org/?mlat=17.4383105&mlon=78.4072478#map=18/17.4383105/78.4072478
HB-0006,Hoarding / Billboard,"Hoarding facing Traffic, Jubilee Hills","Road No. 36, Jubilee Hills, Hyderabad",Jubilee Hills,Hyderabad,Near Road No. 36,17.438416,78.4052309,40,20,ft,800,1,1,front_lit,Both directions,197500,available,,,,,0,https://www.openstreetmap.org/?mlat=17.438416&mlon=78.4052309#map=18/17.438416/78.4052309
PB-0003,Pole Board / Pole Kiosk,"Pole Kiosks on Centre Divider, Jubilee Hills","Road No. 36, Jubilee Hills, Hyderabad",Jubilee Hills,Hyderabad,Near Road No. 36,17.4361302,78.4114862,3,5,ft,600,2,20,back_lit,North-bound traffic,60000,booked,Lotus Heights Realty,2026-10-22,paid,2026-10-23,0,https://www.openstreetmap.org/?mlat=17.4361302&mlon=78.4114862#map=18/17.4361302/78.4114862
UP-0004,Unipole,"Unipole at Signal, Jubilee Hills","Road No. 36, Jubilee Hills, Hyderabad",Jubilee Hills,Hyderabad,Near Road No. 36,17.434052,78.4026556,30,15,ft,900,2,1,back_lit,North-bound traffic,240000,available,,,,,0,https://www.openstreetmap.org/?mlat=17.434052&mlon=78.4026556#map=18/17.434052/78.4026556
GN-0003,Gantry,"Road Gantry, Kondapur","Botanical Garden Road, Kondapur, Hyderabad",Kondapur,Hyderabad,Near Botanical Garden Road,17.4678629,78.3619319,80,10,ft,1600,2,1,front_lit,Towards Mehdipatnam,277500,booked,Nova Mobile,2026-11-02,unpaid,2026-11-03,0,https://www.openstreetmap.org/?mlat=17.4678629&mlon=78.3619319#map=18/17.4678629/78.3619319
HB-0003,Hoarding / Billboard,"Large Hoarding at Junction, Kondapur","Botanical Garden Road, Kondapur, Hyderabad",Kondapur,Hyderabad,Near Botanical Garden Road,17.4716492,78.362264,60,30,ft,1800,1,1,front_lit,Towards Hitech City,332500,available,,,,,1,https://www.openstreetmap.org/?mlat=17.4716492&mlon=78.362264#map=18/17.4716492/78.362264
RT-0004,Rooftop Hoarding,"Rooftop Hoarding, Kondapur","Botanical Garden Road, Kondapur, Hyderabad",Kondapur,Hyderabad,Near Botanical Garden Road,17.4642781,78.3633217,40,20,ft,800,1,1,back_lit,Both directions,222500,inactive,,,,,0,https://www.openstreetmap.org/?mlat=17.4642781&mlon=78.3633217#map=18/17.4642781/78.3633217
HB-0007,Hoarding / Billboard,"Large Hoarding at Junction, Kukatpally","KPHB Colony, Kukatpally, Hyderabad",Kukatpally,Hyderabad,Near KPHB Colony,17.496363,78.4016939,60,30,ft,1800,1,1,front_lit,Towards Hitech City,340000,available,,,,,0,https://www.openstreetmap.org/?mlat=17.496363&mlon=78.4016939#map=18/17.496363/78.4016939
PB-0004,Pole Board / Pole Kiosk,"Median Pole Boards, Kukatpally","KPHB Colony, Kukatpally, Hyderabad",Kukatpally,Hyderabad,Near KPHB Colony,17.4925689,78.4009985,4,6,ft,720,2,15,non_lit,Towards Hitech City,39500,maintenance,,,,,0,https://www.openstreetmap.org/?mlat=17.4925689&mlon=78.4009985#map=18/17.4925689/78.4009985
TB-0001,Traffic / Police Booth,"Traffic Police Booth, Kukatpally","KPHB Colony, Kukatpally, Hyderabad",Kukatpally,Hyderabad,Near KPHB Colony,17.4942458,78.3975513,4,3,ft,36,3,1,non_lit,Towards Hitech City,14500,booked,Deccan Motors,2026-10-16,paid,2026-10-17,0,https://www.openstreetmap.org/?mlat=17.4942458&mlon=78.3975513#map=18/17.4942458/78.3975513
DS-0001,Digital LED Screen,"Digital LED Screen, LB Nagar","Ring Road, LB Nagar, Hyderabad",LB Nagar,Hyderabad,Near Ring Road,17.3418368,78.5559294,20,12,ft,240,1,1,digital,North-bound traffic,92500,inactive,,,,,0,https://www.openstreetmap.org/?mlat=17.3418368&mlon=78.5559294#map=18/17.3418368/78.5559294
FB-0003,Foot Over Bridge (FOB),"FOB Panel, LB Nagar","Ring Road, LB Nagar, Hyderabad",LB Nagar,Hyderabad,Near Ring Road,17.3455714,78.550592,50,6,ft,600,2,1,front_lit,Towards Secunderabad,105000,booked,Deccan Motors,2026-11-01,partial,2026-11-02,0,https://www.openstreetmap.org/?mlat=17.3455714&mlon=78.550592#map=18/17.3455714/78.550592
PB-0007,Pole Board / Pole Kiosk,"Pole Kiosks on Centre Divider, LB Nagar","Ring Road, LB Nagar, Hyderabad",LB Nagar,Hyderabad,Near Ring Road,17.3506751,78.5528387,3,5,ft,600,2,20,back_lit,Towards Mehdipatnam,62500,maintenance,Lotus Heights Realty,2026-11-15,paid,,0,https://www.openstreetmap.org/?mlat=17.3506751&mlon=78.5528387#map=18/17.3506751/78.5528387
BS-0002,Bus Shelter,"Bus Shelter Panels, Madhapur","Inorbit Mall Road, Madhapur, Hyderabad",Madhapur,Hyderabad,Near Inorbit Mall Road,17.4476627,78.396734,6,4,ft,48,1,2,back_lit,Towards Mehdipatnam,38000,available,,,,,0,https://www.openstreetmap.org/?mlat=17.4476627&mlon=78.396734#map=18/17.4476627/78.396734
PB-0008,Pole Board / Pole Kiosk,"Median Pole Boards, Madhapur","Inorbit Mall Road, Madhapur, Hyderabad",Madhapur,Hyderabad,Near Inorbit Mall Road,17.4498404,78.3965681,4,6,ft,720,2,15,non_lit,North-bound traffic,54500,booked,Rangoli Silks,2026-10-12,paid,2026-10-13,0,https://www.openstreetmap.org/?mlat=17.4498404&mlon=78.3965681#map=18/17.4498404/78.3965681
RT-0001,Rooftop Hoarding,"Rooftop Hoarding, Madhapur","Inorbit Mall Road, Madhapur, Hyderabad",Madhapur,Hyderabad,Near Inorbit Mall Road,17.4487681,78.3870721,40,20,ft,800,1,1,back_lit,South-bound traffic,212500,available,,,,,0,https://www.openstreetmap.org/?mlat=17.4487681&mlon=78.3870721#map=18/17.4487681/78.3870721
TB-0003,Traffic / Police Booth,"Traffic Police Booth, Madhapur","Inorbit Mall Road, Madhapur, Hyderabad",Madhapur,Hyderabad,Near Inorbit Mall Road,17.4448984,78.389551,4,3,ft,36,3,1,non_lit,North-bound traffic,22000,booked,Aarogya Hospitals,2026-11-08,unpaid,2026-11-09,0,https://www.openstreetmap.org/?mlat=17.4448984&mlon=78.389551#map=18/17.4448984/78.389551
FB-0002,Foot Over Bridge (FOB),"FOB Panel, Punjagutta","Flyover, Punjagutta, Hyderabad",Punjagutta,Hyderabad,Near Flyover,17.4318032,78.4494831,50,6,ft,600,2,1,front_lit,North-bound traffic,102500,booked,Rangoli Silks,2026-10-20,partial,2026-10-21,0,https://www.openstreetmap.org/?mlat=17.4318032&mlon=78.4494831#map=18/17.4318032/78.4494831
HB-0008,Hoarding / Billboard,"Hoarding facing Traffic, Punjagutta","Flyover, Punjagutta, Hyderabad",Punjagutta,Hyderabad,Near Flyover,17.4315548,78.4507167,40,20,ft,800,1,1,front_lit,Towards Airport,202500,available,,,,,0,https://www.openstreetmap.org/?mlat=17.4315548&mlon=78.4507167#map=18/17.4315548/78.4507167
PB-0005,Pole Board / Pole Kiosk,"Pole Kiosks on Centre Divider, Punjagutta","Flyover, Punjagutta, Hyderabad",Punjagutta,Hyderabad,Near Flyover,17.4242143,78.4517382,3,5,ft,600,2,20,back_lit,Towards Hitech City,67500,booked,Zesta Beverages,2026-11-03,paid,2026-11-04,0,https://www.openstreetmap.org/?mlat=17.4242143&mlon=78.4517382#map=18/17.4242143/78.4517382
BH-0002,Building Hoarding (Facade),"Building Facade Hoarding, Secunderabad","Paradise Circle, Secunderabad, Hyderabad",Secunderabad,Hyderabad,Near Paradise Circle,17.4386002,78.493215,25,40,ft,1000,1,1,front_lit,Both directions,157500,booked,Rangoli Silks,2026-10-28,paid,2026-10-29,0,https://www.openstreetmap.org/?mlat=17.4386002&mlon=78.493215#map=18/17.4386002/78.493215
DS-0003,Digital LED Screen,"Digital LED Screen, Secunderabad","Paradise Circle, Secunderabad, Hyderabad",Secunderabad,Hyderabad,Near Paradise Circle,17.4365652,78.5020891,20,12,ft,240,1,1,digital,Towards Airport,105000,available,,,,,0,https://www.openstreetmap.org/?mlat=17.4365652&mlon=78.5020891#map=18/17.4365652/78.5020891
UP-0001,Unipole,"Unipole at Signal, Secunderabad","Paradise Circle, Secunderabad, Hyderabad",Secunderabad,Hyderabad,Near Paradise Circle,17.4381208,78.4999913,30,15,ft,900,2,1,back_lit,Towards Secunderabad,222500,booked,Aarogya Hospitals,2026-10-15,unpaid,2026-10-16,0,https://www.openstreetmap.org/?mlat=17.4381208&mlon=78.4999913#map=18/17.4381208/78.4999913